epoch,val_dice
1,0.21604735559473434
2,0.4394568547251679
3,0.3441346241604714
4,0.4817422537931374
5,0.5082746946385929
6,0.514910609771808
7,0.5213336235000974
8,0.5362408615293957
9,0.5372442851463953
10,0.539425467806203
11,0.5199523319800695
12,0.517961227290687
13,0.52527027807775
14,0.5500374800037771
15,0.5091248919211683
16,0.5570068318574202
17,0.5611533008161045
18,0.5462371820495242
19,0.544135030181635
20,0.5608333157641547
