epoch,train_loss,val_loss,val_dice
1,0.5244337065901331,0.4825233501651655,0.32532309984699603
2,0.475031532073325,0.4695959183229678,0.1730983735372623
3,0.4602930482312064,0.46433956708865187,0.1727682434111124
4,0.45452537996287823,0.44484583142100426,0.2503995114848727
5,0.44699130184383923,0.44294881181738366,0.2191620995512321
