epoch,train_loss,val_loss,val_dice
1,0.5236882533869704,0.483076305939876,0.2979664061041105
2,0.4772747252905002,0.4795855780591493,0.15568663508054756
3,0.46176629104921896,0.46003044777545615,0.16851155615101257
4,0.45351981803696584,0.44824299537974677,0.2206292316494953
5,0.4425243854701564,0.44256386245744694,0.21984647604681196
